{
  "schema_target":"Late_delivery_risk",
  "models":{
    "baseline":{
      "model":"baseline",
      "accuracy":0.5488,
      "precision":0.5488,
      "recall":1.0,
      "f1":0.708677686,
      "roc_auc":0.5,
      "confusion_matrix":[
        [
          0,
          4512
        ],
        [
          0,
          5488
        ]
      ],
      "classification_report":{
        "0":{
          "precision":0.0,
          "recall":0.0,
          "f1-score":0.0,
          "support":4512.0
        },
        "1":{
          "precision":0.5488,
          "recall":1.0,
          "f1-score":0.708677686,
          "support":5488.0
        },
        "accuracy":0.5488,
        "macro avg":{
          "precision":0.2744,
          "recall":0.5,
          "f1-score":0.354338843,
          "support":10000.0
        },
        "weighted avg":{
          "precision":0.30118144,
          "recall":0.5488,
          "f1-score":0.388922314,
          "support":10000.0
        }
      }
    },
    "random_forest":{
      "model":"random_forest",
      "accuracy":0.9767,
      "precision":0.9592728544,
      "recall":1.0,
      "f1":0.9792131323,
      "roc_auc":0.9956071346,
      "confusion_matrix":[
        [
          4279,
          233
        ],
        [
          0,
          5488
        ]
      ],
      "classification_report":{
        "0":{
          "precision":1.0,
          "recall":0.9483599291,
          "f1-score":0.9734956205,
          "support":4512.0
        },
        "1":{
          "precision":0.9592728544,
          "recall":1.0,
          "f1-score":0.9792131323,
          "support":5488.0
        },
        "accuracy":0.9767,
        "macro avg":{
          "precision":0.9796364272,
          "recall":0.9741799645,
          "f1-score":0.9763543764,
          "support":10000.0
        },
        "weighted avg":{
          "precision":0.9776489425,
          "recall":0.9767,
          "f1-score":0.976633391,
          "support":10000.0
        }
      }
    },
    "xgboost":{
      "model":"xgboost",
      "accuracy":0.976,
      "precision":0.9582605658,
      "recall":0.9998177843,
      "f1":0.9785981808,
      "roc_auc":0.9953141235,
      "confusion_matrix":[
        [
          4273,
          239
        ],
        [
          1,
          5487
        ]
      ],
      "classification_report":{
        "0":{
          "precision":0.9997660271,
          "recall":0.9470301418,
          "f1-score":0.9726838152,
          "support":4512.0
        },
        "1":{
          "precision":0.9582605658,
          "recall":0.9998177843,
          "f1-score":0.9785981808,
          "support":5488.0
        },
        "accuracy":0.976,
        "macro avg":{
          "precision":0.9790132965,
          "recall":0.9734239631,
          "f1-score":0.975640998,
          "support":10000.0
        },
        "weighted avg":{
          "precision":0.97698783,
          "recall":0.976,
          "f1-score":0.975929619,
          "support":10000.0
        }
      }
    },
    "neural_network":{
      "model":"neural_network",
      "accuracy":0.976,
      "precision":0.9690740079,
      "recall":0.9877915452,
      "f1":0.9783432593,
      "roc_auc":0.9958360553,
      "confusion_matrix":[
        [
          4339,
          173
        ],
        [
          67,
          5421
        ]
      ],
      "classification_report":{
        "0":{
          "precision":0.9847934635,
          "recall":0.9616578014,
          "f1-score":0.9730881364,
          "support":4512.0
        },
        "1":{
          "precision":0.9690740079,
          "recall":0.9877915452,
          "f1-score":0.9783432593,
          "support":5488.0
        },
        "accuracy":0.976,
        "macro avg":{
          "precision":0.9769337357,
          "recall":0.9747246733,
          "f1-score":0.9757156978,
          "support":10000.0
        },
        "weighted avg":{
          "precision":0.9761666262,
          "recall":0.976,
          "f1-score":0.9759721478,
          "support":10000.0
        }
      }
    }
  },
  "cv":{
    "random_forest":{
      "test_accuracy":0.9755,
      "test_f1":0.9781714323,
      "test_roc_auc":0.9950452661
    },
    "xgboost":{
      "test_accuracy":0.97525,
      "test_f1":0.9779375281,
      "test_roc_auc":0.9948250012
    },
    "neural_network":{
      "test_accuracy":0.9748,
      "test_f1":0.9773614642,
      "test_roc_auc":0.9949903027
    }
  }
}